<?xml version="1.0" encoding="UTF-8" standalone="no"?><store>
	<categories>
  		<category description="blank" icon="category_in_out.png" id="1" name="in-out"/>
  		<category description="blank" icon="category_communication.png" id="2" name="communication"/>
  		<category description="blank" icon="category_communication.png" id="3" name="calc"/>
        </categories>
	<fringes>
        	<fringe category_id="1" description="blank" filename="commons-fileupload-1.3.1.jar" id="1" loaded="true" name="First fringe 1" path="general"/>
        	<fringe category_id="3" description="blank" filename="" id="2" loaded="false" name="Third fringe" path="gamestream"/>
        	<fringe category_id="2" description="blank" filename="gwt-jackson-0.2.0.jar" id="3" loaded="true" name="Fifth fringe" path="win/temp"/>
        </fringes>
</store>
