<?xml version="1.0" encoding="UTF-8"?><store>
	<categories>
  		<category description="blank" icon="category_in_out.png" id="1" name="in-out"/>
  		<category description="blank" icon="category_communication.png" id="2" name="communication"/>
  		<category description="blank" icon="category_communication.png" id="3" name="calc"/>
    </categories>
	<fringes>
       	<fringe category_id="1" description="blank" filename="commons-fileupload-1.3.1.jar" classname="" id="1" loaded="true" name="First fringe 1" path="general"/>
       	<fringe category_id="3" description="blank" filename="" id="2" classname="" loaded="false" name="Third fringe" path="gamestream"/>
      	<fringe category_id="2" description="blank" filename="fringes.jar" classname="" id="3" loaded="true" name="Fifth fringe" path="win/temp"/>
        <fringe category_id="1" description="" filename="gwt-jackson-0.2.0.jar" classname="" id="4" loaded="true" name="New fringe" path=""/>
        <fringe category_id="3" description="" filename="gwt-jackson-0.6.2.jar" classname="" id="5" loaded="true" name="New fringe" path="qqq"/>
        <fringe category_id="1" description="" filename="gwt-jackson-0.6.2.jar" classname="" id="6" loaded="true" name="New fringe" path="polo"/>
		<fringe category_id="1" description="" filename="gwt-jackson-0.2.0.jar" classname="" id="7" loaded="true" name="New fringe" path=""/>
		<fringe category_id="1" description="" filename="fringes.jar" classname="" id="8" loaded="true" name="New fringe" path=""/>
		<fringe category_id="1" description="" filename="gwt-storage-1.2.0-javadoc.jar" classname="" id="9" loaded="true" name="New fringe" path="lopo"/>
	</fringes>
</store>